{
    "parent": "item/handheld",
    "textures": {
        "layer0": "krpq:items/apple_reflecter"
    },
    "display": {
"ground": {
"rotation": [ 0, 0, 0 ],
"translation": [ 0, 2, 0],
"scale":[ 0.5, 0.5, 0.5 ]
},
"head": {
"rotation": [ 0, 0, 0 ],
"translation": [ 0, 13, 7],
"scale":[ 1, 1, 1]
},
"thirdperson_lefthand": {    
 "rotation": [ 0, -90, -30 ],
           "translation": [ 4.5, 0, 2],
            "scale": [ 1.1, 1.1, 1.7 ]

},
"thirdperson_righthand": {    
 "rotation": [ 0, -90, -30 ],
           "translation": [ 4.5, 0, 2 ],
              "scale": [ 1.1, 1.1, 1.7 ]

},
"firstperson_righthand": {
            "rotation": [ 20, -90, 10 ],
            "translation": [ 0, 1, 3 ],
              "scale": [ 1.1, 1.1, 1.4 ]
},
"firstperson_lefthand": {    
 "rotation": [ 20, -90, 10 ],
           "translation": [ 0, 1, 3],
              "scale": [ 1.1, 1.1, 1.4 ]

}
},
    "overrides": [
        {
            "predicate": {
                "blocking": 1
            },
            "model": "krpq:item/apple_reflecter_blocking"
        }
    ]
}
