{
    "parent": "builtin/generated",
    "textures": {
        "layer0": "krpq:items/apple_reflecter"
    },
    "display": {
"ground": {
"rotation": [ 0, 0, 0 ],
"translation": [ 0, 2, 0],
"scale":[ 0.5, 0.5, 0.5 ]
},
"head": {
"rotation": [ 0, 0, 0 ],
"translation": [ 0, 13, 7],
"scale":[ 1, 1, 1]
},
"thirdperson_lefthand": {    
 "rotation": [ 30, -40, 10 ],
           "translation": [ 4.5, 0, 2],
            "scale": [ 1.1, 1.1, 1.7 ]

},
"thirdperson_righthand": {    
 "rotation": [ 30, -40, 10 ],
           "translation": [ 4.5, 0, 2],
            "scale": [ 1.1, 1.1, 1.7 ]

},
"firstperson_righthand": {
 "rotation": [ 20, -40, 10 ],
           "translation": [ 0, 2, 3],
              "scale": [ 1.1, 1.1, 1.4 ]
},
"firstperson_lefthand": {    
 "rotation": [ 20, -40, 10 ],
           "translation": [ 0, 2, 3],
              "scale": [ 1.1, 1.1, 1.4 ]

},
"fixed": {
"rotation": [ 0, 0, 0 ],
"scale": [ 1, 1, 1 ]
}
}
}
