{
    "parent": "item/handheld",
    "textures": {
        "layer0": "krpq:items/blizzard_knuckle"
    },
   
"display": {
"ground": {
"rotation": [ 0, 0, 0 ],
"translation": [ 0, 2, 0],
"scale":[ 0.5, 0.5, 0.5 ]
},
"head": {
"rotation": [ 0, 0, 0 ],
"translation": [ 0, 13, 7],
"scale":[ 1, 1, 1]
},
"thirdperson_lefthand": {    
 "rotation": [ 0, 0, -90 ],
           "translation": [ 0, -0.5, 0 ],
            "scale": [ 0.5, 0.5, 5.05 ]

},
"thirdperson_righthand": {    
 "rotation": [ 0, 0, -90 ],
           "translation": [ 0, -0.5, 0 ],
            "scale": [ 0.5, 0.5, 5.05  ]

},
"firstperson_righthand": {
            "rotation": [  -20, 0, -90 ],
            "translation": [ 0, 6, 3 ],
            "scale": [ 0.5, 0.5, 5.05  ]
},
"firstperson_lefthand": {      
 "rotation": [ 20, 0, -90 ],
           "translation": [ 0, 6, 3],
            "scale": [ 0.5, 0.5, 5.05 ]

},
"fixed": {
"rotation": [ 0, 0, 0 ],
"scale": [ 1, 1, 1 ]
}
}
}
