{
  "_comment": "Generated using MiningMark48's JSON Generator.",
  "parent": "item/handheld",
  "textures": {
    "layer0": "sspq:items/blade_boomerang"
  },
    "display": {
"ground": {
"rotation": [ 0, 0, 0 ],
"translation": [ 0, 2, 0],
"scale":[ 0.5, 0.5, 0.5 ]
},
"head": {
"rotation": [ 0, 0, 0 ],
"translation": [ 0, 13, 7],
"scale":[ 1, 1, 1]
},
"thirdperson_lefthand": {    
 "rotation": [ 0, 90, -50 ],
           "translation": [ 0, 11, 2 ],
            "scale": [ 1.7, 1.7, 0.85 ]

},
"thirdperson_righthand": {    
 "rotation": [ 0, -90, 50 ],
           "translation": [ 0, 11, 2 ],
            "scale": [ 1.7, 1.7, 0.85 ]

},
"firstperson_righthand": {
            "rotation": [  -20, -90, 40 ],
            "translation": [ 0, 8, 3 ],
            "scale": [ 1.7, 1.7, 0.85 ]
},
"firstperson_lefthand": {    
 "rotation": [ -65, 90, 10 ],
           "translation": [ 0, 8, 3],
            "scale": [ 1.7, 1.7, 0.85 ]

}
}

}