{
  "_comment": "Generated using MiningMark48's JSON Generator.",
  "parent": "item/generated",
  "textures": {
    "layer0": "sspq:items/gokaicellular"
  },
    "display": {
"thirdperson_lefthand": {    
 "rotation": [ 0, -15, 25 ],
            "translation": [ 0, 1, 1 ],
            "scale": [ 0.75, 0.75, 0.75 ]
},
"thirdperson_righthand": {    
 "rotation": [ 0, -15, -65 ],
            "translation": [ 0, 1, 1 ],
            "scale": [ 0.75, 0.75, 0.75 ]
},
"firstperson_righthand": {
            "rotation": [ -25, -45, -75 ],
            "translation": [ 0, 4, 2 ],
            "scale": [ 0.75, 0.75, 0.75 ]
},
"firstperson_lefthand": {    
 "rotation": [ -25, -45, 15 ],
            "translation": [ 0, 4, 2 ],
            "scale": [ 0.75, 0.75, 0.75 ]

}
}
}