{
  "_comment": "Generated using MiningMark48's JSON Generator.",
  "parent": "item/handheld",
  "textures": {
    "layer0": "sspq:items/ryusoul_changer_green"
  },  "display": {
    
        "thirdperson_righthand": {
            "rotation": [ -120, 90, 0],
            "translation": [ 4, -1, 1 ],
            "scale": [ 0.8, 0.8, 1]
        },
        "firstperson_righthand": {
            "rotation": [ -120, 90, 0],
            "translation": [3, 3, -5 ],
            "scale": [ 0.8, 0.8, 1]
        },
        "thirdperson_lefthand": {
            "rotation": [ -30, 90, 0],
            "translation": [ 4, -1, 1 ],
            "scale": [ 0.8, 0.8, 1]
        },
        "firstperson_lefthand": {
            "rotation": [ -30, 90, 0],
            "translation": [3, 3, -5 ],
            "scale": [ 0.8, 0.8, 1]
        }
    
    }
}