{
    "parent": "block/orientable",
    "textures": {
        "particle": "krpq:blocks/purifyersides",
        "0": "krpq:blocks/gamecreator",
        "1": "krpq:blocks/purifyersides"
    },
    "elements": [
        {
            "name": "Cube",
            "from": [ 0.0, 0.0, 0.0 ], 
            "to": [ 16.0, 16.0, 16.0 ], 
            "faces": {
                "north": { "texture": "#0", "uv": [ 0.0, 0.0, 16.0, 16.0 ] },
                "east": { "texture": "#1", "uv": [ 0.0, 0.0, 16.0, 16.0 ] },
                "south": { "texture": "#1", "uv": [ 16.0, 16.0, 0.0, 0.0 ], "rotation": 90 },
                "west": { "texture": "#1", "uv": [ 0.0, 0.0, 16.0, 16.0 ] },
                "up": { "texture": "#1", "uv": [ 0.0, 0.0, 16.0, 16.0 ] },
                "down": { "texture": "#1", "uv": [ 0.0, 0.0, 16.0, 16.0 ] }
            }
        }
    ]
}